{
  "WorkItem": {
    "AffectedComponent": {
      "Name": "",
      "DisplayName": ""
    },
    "ClosedComment": "",
    "ClosedDate": null,
    "CommentCount": 4,
    "Custom": null,
    "Description": "Issues caused by overlapping keys. Code is probably designed with Java's Map in mind, might be some differences between Map and Dictionary.\r\nShould be changed to:\r\n\r\nprivate static Tag Register(Tag tag)\r\n{\r\n    lock (_tags)\r\n    {\r\n        if (_tags.ContainsKey(tag._tagName))\r\n        {\r\n            _tags[tag._tagName].SetAncestor(_defaultAncestor._tagName);\r\n        }\r\n        else\r\n        {\r\n            _tags.Add(tag._tagName, tag);\r\n        }\r\n    }\r\n    return tag;\r\n}",
    "LastUpdatedDate": "2017-12-09T09:04:42.263-08:00",
    "PlannedForRelease": "NSoup 0.4",
    "ReleaseVisibleToPublic": true,
    "Priority": {
      "Name": "High",
      "Severity": 150,
      "Id": 3
    },
    "ProjectName": "nsoup",
    "ReportedDate": "2010-07-15T02:45:30.067-07:00",
    "Status": {
      "Name": "Resolved",
      "Id": 7
    },
    "ReasonClosed": {
      "Name": "Unassigned"
    },
    "Summary": "Incorrect code in Tag.Register()",
    "Type": {
      "Name": "Issue",
      "Id": 3
    },
    "VoteCount": 1,
    "Id": 5
  },
  "FileAttachments": [],
  "Comments": [
    {
      "Message": "Issue fixed.\n\r\n\r** Closed by GeReV 07/15/2010 11:29AM",
      "PostedDate": "2010-07-15T11:29:45.453-07:00",
      "Id": 14562
    },
    {
      "Message": "Issue fixed.",
      "PostedDate": "2010-07-15T11:29:45.827-07:00",
      "Id": 14563
    },
    {
      "Message": "Issue fixed.\n\r\n\r** Closed by GeReV 07/15/2010 11:30AM",
      "PostedDate": "2010-07-15T11:30:23.077-07:00",
      "Id": 14564
    },
    {
      "Message": "",
      "PostedDate": "2010-07-15T11:30:37.41-07:00",
      "Id": 14565
    }
  ]
}