{
  "WorkItem": {
    "AffectedComponent": {
      "Name": "",
      "DisplayName": ""
    },
    "ClosedComment": "",
    "ClosedDate": null,
    "CommentCount": 0,
    "Custom": null,
    "Description": "It seems that the document select method always returns an empty list. Here is a test case.\r\n\r\nHtml Document\r\n\r\n<html>\r\n<title>Welcome!</title>\r\n<body>\r\nWelcome to my website!\r\n\r\n<div class=\"test\">\r\n    Hello!\r\n</div>\r\n</body>\r\n</html>\r\n\r\nC# Code\r\nvar document = NSoupClient.Connect(\"WebsiteUrl\").Get();\r\nvar list = document.Select(\"div.test\");\r\nint count = list.Count;",
    "LastUpdatedDate": "2012-07-27T09:16:32.977-07:00",
    "PlannedForRelease": "",
    "ReleaseVisibleToPublic": false,
    "Priority": {
      "Name": "Low",
      "Severity": 50,
      "Id": 1
    },
    "ProjectName": "nsoup",
    "ReportedDate": "2012-07-27T09:16:32.977-07:00",
    "Status": {
      "Name": "Proposed",
      "Id": 1
    },
    "ReasonClosed": {
      "Name": "Unassigned"
    },
    "Summary": "Document Select method always returns an empty list",
    "Type": {
      "Name": "Issue",
      "Id": 3
    },
    "VoteCount": 1,
    "Id": 6
  },
  "FileAttachments": [],
  "Comments": []
}