{
  "WorkItem": {
    "AffectedComponent": {
      "Name": "",
      "DisplayName": ""
    },
    "ClosedComment": "",
    "ClosedDate": null,
    "CommentCount": 0,
    "Custom": null,
    "Description": "Hi,\r\n\r\nI do get the following exception when i try to connect to a url via \"NSoup.NSoupClient.Connect(url).Timeout(10000000).Get(); using NSoup 0.7.1 \"\r\n\r\nError: \"FirstElementSibling = '(((NSoup.Nodes.Element)(doc))).FirstElementSibling' threw an exception of type 'System.NullReferenceException'\"\r\n\r\nMycode\r\n private void button1_Click(object sender, EventArgs e)\r\n        {\r\n            try\r\n            {\r\n                string url = \"http://www.colombopage.com/\";\r\n                Document doc = NSoup.NSoupClient.Connect(url).Timeout(10000000).Get();\r\n                Elements links = doc.Select(\"a[href]\");\r\n\r\n                foreach (Element it in links)\r\n                {\r\n                    Elements src = it.GetAllElements();\r\n                    String href = src.Attr(\"abs:href\");\r\n\r\n                    if (href.Contains(url))\r\n                    {\r\n                        textBox1.AppendText(href + \">>>>>>>>>>>>>>>>>>>>>>>>>>>>>>> \\r\\n\");\r\n                        textBox1.AppendText(\">>>>>>>>>>>>>>>>>>>>>>>>>>>>>>>> \\r\\n\");\r\n                    }\r\n                }\r\n            }\r\n            catch (Exception ex)\r\n            {\r\n                textBox1.AppendText(ex.ToString() + \" \\r\\n\");\r\n            }\r\n                  }\r\n\r\nPlease let me know how can i solve this issue.\r\n\r\nDin",
    "LastUpdatedDate": "2013-04-29T19:29:21.36-07:00",
    "PlannedForRelease": "",
    "ReleaseVisibleToPublic": false,
    "Priority": {
      "Name": "Unassigned",
      "Severity": 0,
      "Id": 0
    },
    "ProjectName": "nsoup",
    "ReportedDate": "2013-04-29T11:15:08.783-07:00",
    "Status": {
      "Name": "Proposed",
      "Id": 1
    },
    "ReasonClosed": {
      "Name": "Unassigned"
    },
    "Summary": "Exception when connecting to a url",
    "Type": {
      "Name": "Unassigned",
      "Id": 5
    },
    "VoteCount": 1,
    "Id": 8
  },
  "FileAttachments": [],
  "Comments": []
}