[
  {
    "Id": 3,
    "Title": "Elements do not output close tags"
  },
  {
    "Id": 5,
    "Title": "Incorrect code in Tag.Register()"
  },
  {
    "Id": 6,
    "Title": "Document Select method always returns an empty list"
  },
  {
    "Id": 7,
    "Title": "Relative links are being removed"
  },
  {
    "Id": 8,
    "Title": "Exception when connecting to a url"
  },
  {
    "Id": 9,
    "Title": "It doesn't work with windows phone silverlight"
  },
  {
    "Id": 10,
    "Title": "Cookies (IDictionary<String, String>) is not defined"
  },
  {
    "Id": 11,
    "Title": "How to parse a document from string ?!"
  },
  {
    "Id": 12,
    "Title": "GetElementsByTag from the children"
  }
]