{
  "WorkItem": {
    "AffectedComponent": {
      "Name": "",
      "DisplayName": ""
    },
    "ClosedComment": "",
    "ClosedDate": null,
    "CommentCount": 0,
    "Custom": null,
    "Description": "It doesn't work with windows phone\r\n\r\nPM> install-package Nsoup Installing 'NSoup 0.8.0'. Successfully installed 'NSoup 0.8.0'. Adding 'NSoup 0.8.0' to jQueryTest. Uninstalling 'NSoup 0.8.0'. Successfully uninstalled 'NSoup 0.8.0'. Install failed. Rolling back... install-package : Could not install package 'NSoup 0.8.0'. You are trying to install this package into a project that targets 'WindowsPhone,Version=v8.1', but the package does not contain any assembly references or content files that are compatible with that framework. For more information, contact the package author. At line:1 char:1 + install-package Nsoup + ~~~~~~~~~~~~~~~~~~~~~ + CategoryInfo : NotSpecified: (:) [Install-Package], InvalidOperationException + FullyQualifiedErrorId : NuGetCmdletUnhandledException,NuGet.PowerShell.Commands.InstallPackageCommand\r\n\r\n",
    "LastUpdatedDate": "2015-07-10T07:15:00.9-07:00",
    "PlannedForRelease": "",
    "ReleaseVisibleToPublic": false,
    "Priority": {
      "Name": "Unassigned",
      "Severity": 0,
      "Id": 0
    },
    "ProjectName": "nsoup",
    "ReportedDate": "2015-07-10T07:15:00.9-07:00",
    "Status": {
      "Name": "Proposed",
      "Id": 1
    },
    "ReasonClosed": {
      "Name": "Unassigned"
    },
    "Summary": "It doesn't work with windows phone silverlight",
    "Type": {
      "Name": "Unassigned",
      "Id": 5
    },
    "VoteCount": 1,
    "Id": 9
  },
  "FileAttachments": [],
  "Comments": []
}