{
  "WorkItem": {
    "AffectedComponent": {
      "Name": "",
      "DisplayName": ""
    },
    "ClosedComment": "",
    "ClosedDate": null,
    "CommentCount": 0,
    "Custom": null,
    "Description": "Hi,\r\n\r\nI'm trying to use NSoup.dll (v0.7.1.0) in an asp.net web app for a couple of pages that accept HTML input.\r\nThe problem I'm facing is that, for relative links, the href att is being removed.\r\nFor example, when I enter:\r\n\r\n<A href=\"/ABC/example/mypage.aspx?id=1234\"><FONT size=1 face=Arial>click here</FONT></A>\r\n\r\nwhat is actually saved is:\r\n\r\n<a><font size=\"1\" face=\"Arial\">click here</font></a>\r\n\r\nFrom what I've seen in the documentation, there's a method called preserveRelativeLinks within the WhiteList class, but I can't find it.\r\nIs there a newer version than 0.7.1.0 of NSoup?\r\n\r\nI'd appreciate any help you could provide.\r\n\r\nRegards,\r\nF",
    "LastUpdatedDate": "2013-03-04T05:05:02.657-08:00",
    "PlannedForRelease": "",
    "ReleaseVisibleToPublic": false,
    "Priority": {
      "Name": "Unassigned",
      "Severity": 0,
      "Id": 0
    },
    "ProjectName": "nsoup",
    "ReportedDate": "2013-03-04T05:05:02.657-08:00",
    "Status": {
      "Name": "Proposed",
      "Id": 1
    },
    "ReasonClosed": {
      "Name": "Unassigned"
    },
    "Summary": "Relative links are being removed",
    "Type": {
      "Name": "Issue",
      "Id": 3
    },
    "VoteCount": 1,
    "Id": 7
  },
  "FileAttachments": [],
  "Comments": []
}