{
  "WorkItem": {
    "AffectedComponent": {
      "Name": "",
      "DisplayName": ""
    },
    "ClosedComment": "",
    "ClosedDate": null,
    "CommentCount": 0,
    "Custom": null,
    "Description": "I want to find out a specific tag from within the children of parent tag, but GetElementsByTag always includes the matched parent tag. How to discard the parent tag from such matching?",
    "LastUpdatedDate": "2016-12-03T00:33:32.987-08:00",
    "PlannedForRelease": "",
    "ReleaseVisibleToPublic": false,
    "Priority": {
      "Name": "Unassigned",
      "Severity": 0,
      "Id": 0
    },
    "ProjectName": "nsoup",
    "ReportedDate": "2016-12-03T00:33:32.987-08:00",
    "Status": {
      "Name": "Proposed",
      "Id": 1
    },
    "ReasonClosed": {
      "Name": "Unassigned"
    },
    "Summary": "GetElementsByTag from the children",
    "Type": {
      "Name": "Unassigned",
      "Id": 5
    },
    "VoteCount": 1,
    "Id": 12
  },
  "FileAttachments": [],
  "Comments": []
}