{
  "WorkItem": {
    "AffectedComponent": {
      "Name": "",
      "DisplayName": ""
    },
    "ClosedComment": "",
    "ClosedDate": null,
    "CommentCount": 0,
    "Custom": null,
    "Description": "Hello ..\r\nI'm get html code use this code :\r\n\r\n```\r\n     WebClient wc = new WebClient();\r\n     using (Stream st = wc.OpenRead(url)){\r\n     using (StreamReader sr = new StreamReader(st, Encoding.UTF8)){\r\n     html = sr.ReadToEnd ();\r\n     }\r\n}\r\n```\r\n\r\nbut I can't parse it to document object, to select from document ..\r\n```\r\nElements elements = document.Select(\"a[href]\");\r\n```\r\n\r\nSo how I can parse or convert html code string to document object\r\nDocument document = ??\r\n\r\nMy regards .. ",
    "LastUpdatedDate": "2015-12-02T02:56:40.03-08:00",
    "PlannedForRelease": "",
    "ReleaseVisibleToPublic": false,
    "Priority": {
      "Name": "Unassigned",
      "Severity": 0,
      "Id": 0
    },
    "ProjectName": "nsoup",
    "ReportedDate": "2015-12-02T02:56:40.03-08:00",
    "Status": {
      "Name": "Proposed",
      "Id": 1
    },
    "ReasonClosed": {
      "Name": "Unassigned"
    },
    "Summary": "How to parse a document from string ?!",
    "Type": {
      "Name": "Unassigned",
      "Id": 5
    },
    "VoteCount": 1,
    "Id": 11
  },
  "FileAttachments": [],
  "Comments": []
}