{
  "WorkItem": {
    "AffectedComponent": {
      "Name": "",
      "DisplayName": ""
    },
    "ClosedComment": "",
    "ClosedDate": null,
    "CommentCount": 1,
    "Custom": null,
    "Description": "hello,\r\nNSoup.IConnection does not contain a definition for Cookies (IDictionary<String, String>), documentation checked and Cookies function is defined, i think this is just privilege problem.",
    "LastUpdatedDate": "2015-07-16T09:42:23.12-07:00",
    "PlannedForRelease": "",
    "ReleaseVisibleToPublic": false,
    "Priority": {
      "Name": "Unassigned",
      "Severity": 0,
      "Id": 0
    },
    "ProjectName": "nsoup",
    "ReportedDate": "2015-07-14T06:15:43.44-07:00",
    "Status": {
      "Name": "Proposed",
      "Id": 1
    },
    "ReasonClosed": {
      "Name": "Unassigned"
    },
    "Summary": "Cookies (IDictionary<String, String>) is not defined",
    "Type": {
      "Name": "Unassigned",
      "Id": 5
    },
    "VoteCount": 1,
    "Id": 10
  },
  "FileAttachments": [],
  "Comments": [
    {
      "Message": "Hello amir, \nafter some test i did found that .Cookies is defined in version 0.8.0, but still dont work with IDictionary can you please check it, thanks",
      "PostedDate": "2015-07-16T09:42:23.12-07:00",
      "Id": 187324
    }
  ]
}