{
  "WorkItem": {
    "AffectedComponent": {
      "Name": "",
      "DisplayName": ""
    },
    "ClosedComment": "",
    "ClosedDate": null,
    "CommentCount": 0,
    "Custom": null,
    "Description": "The Element class has an incorrect check under OuterHtmlTail(). Should be \"!_tag.IsEmpty\".",
    "LastUpdatedDate": "2017-12-09T09:04:42.263-08:00",
    "PlannedForRelease": "NSoup 0.4",
    "ReleaseVisibleToPublic": true,
    "Priority": {
      "Name": "High",
      "Severity": 150,
      "Id": 3
    },
    "ProjectName": "nsoup",
    "ReportedDate": "2010-07-15T02:03:47.717-07:00",
    "Status": {
      "Name": "Resolved",
      "Id": 7
    },
    "ReasonClosed": {
      "Name": "Unassigned"
    },
    "Summary": "Elements do not output close tags",
    "Type": {
      "Name": "Issue",
      "Id": 3
    },
    "VoteCount": 1,
    "Id": 3
  },
  "FileAttachments": [],
  "Comments": []
}