[
  {
    "Id": "0",
    "Name": "NSoup 0.6.1",
    "DevelopmentStatus": "Stable",
    "Description": "NSoup 0.6.1 corresponds to jsoup version 1.5.2.\n\n*Please note, 1 breaking change introduced in NSoup version 0.6:*\n* Element.TagName() is now a method and not a property.",
    "ReleasedDatge": "0001-01-01T00:00:00",
    "ModifiedDate": "2011-06-05T03:52:11.95-07:00",
    "Files": [
      {
        "Id": "32ce0fee-c5ed-4942-82c7-412c6e4e1ae4",
        "FileName": "NSoup.dll",
        "Url": "./0/32ce0fee-c5ed-4942-82c7-412c6e4e1ae4",
        "Type": "Application",
        "UploadDate": "2011-06-05T03:52:11.543-07:00"
      }
    ]
  },
  {
    "Id": "1",
    "Name": "NSoup 0.6",
    "DevelopmentStatus": "Stable",
    "Description": "NSoup 0.6 corresponds to jsoup version 1.5.1.\n\n*Please note, 1 breaking change introduced:*\n* Element.TagName() is now a method and not a property.\n\nNSoup version for jsoup 1.5.2 will be released soon.",
    "ReleasedDatge": "0001-01-01T00:00:00",
    "ModifiedDate": "2011-06-04T18:36:20.013-07:00",
    "Files": [
      {
        "Id": "fd1958f3-a406-4a3a-981c-01222671c0d3",
        "FileName": "NSoup.dll",
        "Url": "./1/fd1958f3-a406-4a3a-981c-01222671c0d3",
        "Type": "Application",
        "UploadDate": "2011-06-04T18:35:51.683-07:00"
      }
    ]
  },
  {
    "Id": "2",
    "Name": "NSoup 0.5.2",
    "DevelopmentStatus": "Stable",
    "Description": "NSoup 0.5.2 corresponds to jsoup version 1.4.1.",
    "ReleasedDatge": "0001-01-01T00:00:00",
    "ModifiedDate": "2011-06-04T09:21:38.627-07:00",
    "Files": [
      {
        "Id": "21cf8119-02fa-4bda-956c-24e10ddd725a",
        "FileName": "NSoup.dll",
        "Url": "./2/21cf8119-02fa-4bda-956c-24e10ddd725a",
        "Type": "Application",
        "UploadDate": "2011-06-04T09:21:38.253-07:00"
      }
    ]
  },
  {
    "Id": "3",
    "Name": "NSoup 0.5.1",
    "DevelopmentStatus": "Stable",
    "Description": "NSoup 0.5.1 corresponds to jsoup version 1.3.1.\n\nThis will be the last release for the immediate future, due to time limitations on my part.",
    "ReleasedDatge": "0001-01-01T00:00:00",
    "ModifiedDate": "2010-12-21T05:53:15.497-08:00",
    "Files": [
      {
        "Id": "84115189-38c5-4183-979b-9973b7b7ed80",
        "FileName": "NSoup.dll",
        "Url": "./3/84115189-38c5-4183-979b-9973b7b7ed80",
        "Type": "Application",
        "UploadDate": "2010-12-21T05:53:15.107-08:00"
      }
    ]
  },
  {
    "Id": "4",
    "Name": "NSoup 0.5",
    "DevelopmentStatus": "Stable",
    "Description": "NSoup 0.5 corresponds to jsoup version 1.2.3.\nThis version features a few bug fixes over last version.\nOriginal unit tests have been ported for this version.\n\n_Please note this version may contain some breaking changes as some methods have been renamed to improve consistency._\nFor instance - _Element.SetText(string text)_ has been renamed to _Element.Text(string text)_.",
    "ReleasedDatge": "0001-01-01T00:00:00",
    "ModifiedDate": "2010-09-22T18:38:43.047-07:00",
    "Files": [
      {
        "Id": "69eb62d9-8961-4f27-a7f7-c9652e4a8e24",
        "FileName": "NSoup.dll",
        "Url": "./4/69eb62d9-8961-4f27-a7f7-c9652e4a8e24",
        "Type": "Application",
        "UploadDate": "2010-09-22T18:38:15.833-07:00"
      }
    ]
  },
  {
    "Id": "5",
    "Name": "NSoup 0.4.1",
    "DevelopmentStatus": "Beta",
    "Description": "NSoup 0.4.1 corresponds to jsoup version 1.2.2.\nThis version fixes a few major issues from version 0.4.",
    "ReleasedDatge": "0001-01-01T00:00:00",
    "ModifiedDate": "2010-07-15T11:36:17.18-07:00",
    "Files": [
      {
        "Id": "b12fa9a6-8865-4e17-a75f-d1a9cdc24141",
        "FileName": "NSoup.dll",
        "Url": "./5/b12fa9a6-8865-4e17-a75f-d1a9cdc24141",
        "Type": "Application",
        "UploadDate": "2010-07-15T11:36:16.917-07:00"
      }
    ]
  },
  {
    "Id": "6",
    "Name": "NSoup 0.4",
    "DevelopmentStatus": "Alpha",
    "Description": "NSoup 0.4 corresponds to jsoup version 1.2.2.",
    "ReleasedDatge": "0001-01-01T00:00:00",
    "ModifiedDate": "2010-07-11T11:28:37.173-07:00",
    "Files": [
      {
        "Id": "036d24a2-4010-4388-83de-dbe394dab739",
        "FileName": "NSoup.dll",
        "Url": "./6/036d24a2-4010-4388-83de-dbe394dab739",
        "Type": "Application",
        "UploadDate": "2010-07-11T11:28:36.923-07:00"
      }
    ]
  },
  {
    "Id": "7",
    "Name": "NSoup 0.3",
    "DevelopmentStatus": "Alpha",
    "Description": "NSoup 0.3 corresponds to jsoup version 1.2.1.",
    "ReleasedDatge": "0001-01-01T00:00:00",
    "ModifiedDate": "2010-06-21T11:15:35.633-07:00",
    "Files": [
      {
        "Id": "2a5cddc5-a390-47f0-bfe6-a278ad2dca15",
        "FileName": "NSoup.dll",
        "Url": "./7/2a5cddc5-a390-47f0-bfe6-a278ad2dca15",
        "Type": "Application",
        "UploadDate": "2010-06-21T11:15:35.383-07:00"
      }
    ]
  },
  {
    "Id": "8",
    "Name": "NSoup 0.2",
    "DevelopmentStatus": "Alpha",
    "Description": "NSoup 0.2 corresponds to jsoup version 1.1.1.\n\nList of changes can be viewed [url:here|http://groups.google.com/group/jsoup/browse_thread/thread/a399d9608f3dc166?hl=en].",
    "ReleasedDatge": "0001-01-01T00:00:00",
    "ModifiedDate": "2010-06-08T05:33:39.143-07:00",
    "Files": [
      {
        "Id": "abfae456-8d67-4b2a-bb87-0dbe27f3ed52",
        "FileName": "NSoup.dll",
        "Url": "./8/abfae456-8d67-4b2a-bb87-0dbe27f3ed52",
        "Type": "Application",
        "UploadDate": "2010-06-08T05:32:57.613-07:00"
      }
    ]
  },
  {
    "Id": "9",
    "Name": "NSoup 0.1",
    "DevelopmentStatus": "Alpha",
    "Description": "Initial port release. Corresponds to jsoup version 0.3.1.",
    "ReleasedDatge": "0001-01-01T00:00:00",
    "ModifiedDate": "2010-05-28T11:37:24.243-07:00",
    "Files": [
      {
        "Id": "0a1abcc0-bc7d-4362-9a98-53e692f5169c",
        "FileName": "NSoup.dll",
        "Url": "./9/0a1abcc0-bc7d-4362-9a98-53e692f5169c",
        "Type": "Application",
        "UploadDate": "2010-05-28T11:37:24.23-07:00"
      }
    ]
  },
  {
    "Id": "10",
    "Name": "NSoup 0.7.1",
    "DevelopmentStatus": "Stable",
    "Description": "NSoup 0.7.1 corresponds to jsoup version 1.6.1.\n\nPlease note many classes have been changed from _public_ to _internal_, so some breaking may occur if such classes were used.\nGenerally, only *NSoupClient* should be used as the parsing interface.",
    "ReleasedDatge": "0001-01-01T00:00:00",
    "ModifiedDate": "2011-08-15T10:17:50.51-07:00",
    "Files": [
      {
        "Id": "ec52698f-03ae-4b60-9b2e-800b0f4d0d2b",
        "FileName": "NSoup.dll",
        "Url": "./10/ec52698f-03ae-4b60-9b2e-800b0f4d0d2b",
        "Type": "Application",
        "UploadDate": "2011-08-15T09:25:56.147-07:00"
      }
    ]
  }
]